source_report,row,keyword,difficulty,volume,cpc_usd,competitor_traffic_est,competitor_position,competitor_url,updated,cluster,intent,branded,language,relevant_for_moneymetric,moneymetric_target_url,exclusion_reason
HDFC home-loan EMI,1,home loan calculator,61,284500,0.01,170600,1,https://homeloans.hdfc.bank.in/home-loan-emi-calculator,6 days ago,Home loan calculator (head term),transactional (calculator),false,English,true,/calculators/home-loan-calculator,
HDFC home-loan EMI,2,home loan emi calculator,55,226400,0.01,125900,1,https://homeloans.hdfc.bank.in/home-loan-emi-calculator,5 days ago,Home loan EMI,transactional (calculator),false,English,true,/calculators/home-loan-emi-calculator,
HDFC home-loan EMI,3,hdfc home loan calculator,55,39700,0.07,40200,1,https://homeloans.hdfc.bank.in/home-loan-emi-calculator,4 days ago,Home loan calculator (head term),transactional (calculator),true,English,false,,competitor-branded
HDFC home-loan EMI,4,loan emi calculator,50,165200,0.01,39900,2,https://homeloans.hdfc.bank.in/home-loan-emi-calculator,6 days ago,Generic EMI,transactional (calculator),false,English,true,/calculators/emi-calculator,
HDFC home-loan EMI,5,emi calculator online,54,18300,0.01,17100,1,https://homeloans.hdfc.bank.in/home-loan-emi-calculator,5 days ago,Generic EMI,transactional (calculator),false,English,true,/calculators/emi-calculator,
HDFC home-loan EMI,6,hdfc loan calculator,56,13200,0.11,13000,1,https://homeloans.hdfc.bank.in/home-loan-emi-calculator,5 days ago,Competitor-branded (navigational),navigational,true,English,false,,competitor-branded
HDFC home-loan EMI,7,hdfc home loan emi calculator,40,11200,0.02,12600,1,https://homeloans.hdfc.bank.in/home-loan-emi-calculator,4 days ago,Home loan EMI,transactional (calculator),true,English,false,,competitor-branded
HDFC home-loan EMI,8,hdfc home loan interest rate,37,22400,0.11,12200,1,https://homeloans.hdfc.bank.in/home-loan-emi-calculator,5 days ago,Home loan interest rates,commercial (live rates),true,English,false,,competitor-branded
HDFC home-loan EMI,9,home loan interest rate,50,79500,0.12,11900,1,https://homeloans.hdfc.bank.in/home-loan-emi-calculator,17 hours ago,Home loan interest rates,commercial (live rates),false,English,false,,not served by a MoneyMetric calculator
HDFC home-loan EMI,10,emi calculator home loan,55,47900,0.01,11100,1,https://homeloans.hdfc.bank.in/home-loan-emi-calculator,5 days ago,Home loan EMI,transactional (calculator),false,English,true,/calculators/home-loan-emi-calculator,
HDFC home-loan EMI,11,house loan emi calculator,55,16300,0.01,10500,1,https://homeloans.hdfc.bank.in/home-loan-emi-calculator,19 hours ago,Home loan EMI,transactional (calculator),false,English,true,/calculators/home-loan-emi-calculator,
HDFC home-loan EMI,12,home loan,51,42800,0.19,9800,2,-,5 days ago,Home loan calculator (head term),transactional (calculator),false,English,true,/calculators/home-loan-calculator,
HDFC home-loan EMI,13,emi loan calculator,47,10200,0.01,8700,1,https://homeloans.hdfc.bank.in/home-loan-emi-calculator,21 hours ago,Generic EMI,transactional (calculator),false,English,true,/calculators/emi-calculator,
HDFC home-loan EMI,14,housing loan emi calculator,48,16300,0.01,7000,1,https://homeloans.hdfc.bank.in/home-loan-emi-calculator,5 days ago,Home loan EMI,transactional (calculator),false,English,true,/calculators/home-loan-emi-calculator,
HDFC home-loan EMI,15,emi calculator,51,1700000,0.01,5800,3,https://homeloans.hdfc.bank.in/home-loan-emi-calculator,4 days ago,Generic EMI,transactional (calculator),false,English,true,/calculators/emi-calculator,
HDFC home-loan EMI,16,home loan calculator hdfc,50,5200,0.03,5500,1,https://homeloans.hdfc.bank.in/home-loan-emi-calculator,6 days ago,Home loan calculator (head term),transactional (calculator),true,English,false,,competitor-branded
HDFC home-loan EMI,17,loan interest calculator,56,18300,0.01,5200,2,https://homeloans.hdfc.bank.in/home-loan-emi-calculator,6 days ago,Loan cost / interest,transactional (calculator),false,English,true,/calculators/loan-calculator,
HDFC home-loan EMI,18,emi calculator for home loan,55,22400,0.01,5100,1,https://homeloans.hdfc.bank.in/home-loan-emi-calculator,6 days ago,Home loan EMI,transactional (calculator),false,English,true,/calculators/home-loan-emi-calculator,
HDFC home-loan EMI,19,mortgage calculator,84,34600,0.01,4500,2,https://homeloans.hdfc.bank.in/home-loan-emi-calculator,8 hours ago,Home loan EMI,transactional (calculator),false,English,true,/calculators/home-loan-emi-calculator,
HDFC home-loan EMI,20,home loan interest rates,57,9300,0.11,3900,2,https://homeloans.hdfc.bank.in/home-loan-emi-calculator,7 days ago,Home loan interest rates,commercial (live rates),false,English,false,,not served by a MoneyMetric calculator
HDFC home-loan EMI,21,home loan emi calculator hdfc,47,3900,0.02,3800,1,https://homeloans.hdfc.bank.in/home-loan-emi-calculator,5 days ago,Home loan EMI,transactional (calculator),true,English,false,,competitor-branded
HDFC home-loan EMI,22,loan calculator emi,50,9000,0.01,3200,1,https://homeloans.hdfc.bank.in/home-loan-emi-calculator,5 days ago,Loan cost / interest,transactional (calculator),false,English,true,/calculators/loan-calculator,
HDFC home-loan EMI,23,loan calculator home,57,8900,0.02,3200,1,https://homeloans.hdfc.bank.in/home-loan-emi-calculator,17 hours ago,Home loan calculator (head term),transactional (calculator),false,English,true,/calculators/home-loan-calculator,
HDFC home-loan EMI,24,calculate home loan emi,48,4700,0.01,2800,1,https://homeloans.hdfc.bank.in/home-loan-emi-calculator,7 days ago,Home loan EMI,transactional (calculator),false,English,true,/calculators/home-loan-emi-calculator,
HDFC home-loan EMI,25,home loan rate of interest,55,8000,0.12,2600,2,https://homeloans.hdfc.bank.in/home-loan-emi-calculator,4 days ago,Home loan interest rates,commercial (live rates),false,English,false,,not served by a MoneyMetric calculator
HDFC home-loan EMI,26,emi calculator with prepayment,41,2100,0.04,2600,1,https://homeloans.hdfc.bank.in/home-loan-emi-calculator,4 days ago,Loan prepayment,transactional (calculator),false,English,true,/calculators/loan-prepayment-calculator,
HDFC home-loan EMI,27,emi calculator home,55,5900,0.01,2500,1,https://homeloans.hdfc.bank.in/home-loan-emi-calculator,6 days ago,Home loan EMI,transactional (calculator),false,English,true,/calculators/home-loan-emi-calculator,
HDFC home-loan EMI,28,emi calculator for loan,50,7800,0.01,2500,1,https://homeloans.hdfc.bank.in/home-loan-emi-calculator,5 days ago,Generic EMI,transactional (calculator),false,English,true,/calculators/emi-calculator,
HDFC home-loan EMI,29,home loan eligibility calculator,43,16300,0.15,2400,4,https://homeloans.hdfc.bank.in/home-loan-emi-calculator,5 days ago,Home loan eligibility,transactional (calculator),false,English,true,/calculators/home-loan-eligibility-calculator,
HDFC home-loan EMI,30,home loan calculator emi,55,7700,0.01,2400,1,https://homeloans.hdfc.bank.in/home-loan-emi-calculator,24 hours ago,Home loan EMI,transactional (calculator),false,English,true,/calculators/home-loan-emi-calculator,
HDFC home-loan EMI,31,home loan interest calculator,58,6800,0.01,2200,1,https://homeloans.hdfc.bank.in/home-loan-emi-calculator,5 days ago,Home loan EMI,transactional (calculator),false,English,true,/calculators/home-loan-emi-calculator,
HDFC home-loan EMI,32,hdfc bank home loan calculator,50,2100,0.01,2100,1,https://homeloans.hdfc.bank.in/home-loan-emi-calculator,1 week ago,Home loan calculator (head term),transactional (calculator),true,English,false,,competitor-branded
HDFC home-loan EMI,33,house loan calculator,55,3600,0.01,2000,1,https://homeloans.hdfc.bank.in/home-loan-emi-calculator,6 days ago,Home loan calculator (head term),transactional (calculator),false,English,true,/calculators/home-loan-calculator,
HDFC home-loan EMI,34,hdfc calculator,49,2800,0.01,1900,1,-,14 hours ago,Competitor-branded (navigational),navigational,true,English,false,,competitor-branded
HDFC home-loan EMI,35,emi calculation,53,15300,0.01,1900,4,https://homeloans.hdfc.bank.in/home-loan-emi-calculator,7 days ago,Generic EMI,transactional (calculator),false,English,true,/calculators/emi-calculator,
HDFC home-loan EMI,36,home loan emi,52,5100,0.01,1900,1,https://homeloans.hdfc.bank.in/home-loan-emi-calculator,5 days ago,Home loan EMI,transactional (calculator),false,English,true,/calculators/home-loan-emi-calculator,
HDFC home-loan EMI,37,home loan interest rate calculator,54,6200,0.01,1800,1,https://homeloans.hdfc.bank.in/home-loan-emi-calculator,4 days ago,Home loan EMI,transactional (calculator),false,English,true,/calculators/home-loan-emi-calculator,
HDFC home-loan EMI,38,housing loan interest,55,4400,0.08,1800,1,https://homeloans.hdfc.bank.in/home-loan-emi-calculator,6 days ago,Home loan interest rates,commercial (live rates),false,English,false,,not served by a MoneyMetric calculator
HDFC home-loan EMI,39,loan eligibility calculator,43,5600,0.08,1700,3,https://homeloans.hdfc.bank.in/home-loan-emi-calculator,5 days ago,Home loan eligibility,transactional (calculator),false,English,true,/calculators/home-loan-eligibility-calculator,
HDFC home-loan EMI,40,bank loan interest calculator,54,3900,0.01,1600,1,https://homeloans.hdfc.bank.in/home-loan-emi-calculator,7 days ago,Loan cost / interest,transactional (calculator),false,English,true,/calculators/loan-calculator,
HDFC home-loan EMI,41,personal loan calculator,56,113200,0.09,0,,https://homeloans.hdfc.bank.in/home-loan-emi-calculator,1 month ago,Personal loan,transactional (calculator),false,English,true,/calculators/loan-calculator,
HDFC home-loan EMI,42,loan calculator hdfc,54,1700,0.01,1500,1,https://homeloans.hdfc.bank.in/home-loan-emi-calculator,2 weeks ago,Loan cost / interest,transactional (calculator),true,English,false,,competitor-branded
HDFC home-loan EMI,43,home emi calculator,50,7400,0.01,1500,1,https://homeloans.hdfc.bank.in/home-loan-emi-calculator,4 days ago,Home loan EMI,transactional (calculator),false,English,true,/calculators/home-loan-emi-calculator,
HDFC home-loan EMI,44,housing loan interest rate,56,4500,0.12,1500,1,-,6 days ago,Home loan interest rates,commercial (live rates),false,English,false,,not served by a MoneyMetric calculator
HDFC home-loan EMI,45,20 lakh home loan emi,38,4000,0.01,1400,2,-,16 hours ago,Home loan EMI – amount-specific,informational (quick answer),false,English,true,/calculators/home-loan-emi-calculator,
HDFC home-loan EMI,46,emi calculate,54,10200,0.01,1400,3,https://homeloans.hdfc.bank.in/home-loan-emi-calculator,6 days ago,Generic EMI,transactional (calculator),false,English,true,/calculators/emi-calculator,
HDFC home-loan EMI,47,hdfc loan emi calculator,55,1400,0.01,1400,1,https://homeloans.hdfc.bank.in/home-loan-emi-calculator,7 days ago,Generic EMI,transactional (calculator),true,English,false,,competitor-branded
HDFC home-loan EMI,48,emi calculator for home,53,3900,0.01,1400,1,https://homeloans.hdfc.bank.in/home-loan-emi-calculator,5 days ago,Home loan EMI,transactional (calculator),false,English,true,/calculators/home-loan-emi-calculator,
HDFC home-loan EMI,49,hdfc home loan interest,44,2700,0.13,1400,1,https://homeloans.hdfc.bank.in/home-loan-emi-calculator,6 days ago,Home loan interest rates,commercial (live rates),true,English,false,,competitor-branded
HDFC home-loan EMI,50,bank loan emi calculator,50,2300,0.01,1400,1,https://homeloans.hdfc.bank.in/home-loan-emi-calculator,2 weeks ago,Loan cost / interest,transactional (calculator),false,English,true,/calculators/loan-calculator,
HDFC home-loan EMI,51,hdfc bank loan calculator,55,1200,0.01,1300,1,https://homeloans.hdfc.bank.in/home-loan-emi-calculator,3 weeks ago,Loan cost / interest,transactional (calculator),true,English,false,,competitor-branded
HDFC home-loan EMI,52,loan calculator home loan,57,3700,0.01,1300,1,https://homeloans.hdfc.bank.in/home-loan-emi-calculator,5 days ago,Home loan calculator (head term),transactional (calculator),false,English,true,/calculators/home-loan-calculator,
HDFC home-loan EMI,53,home loan interest,50,5100,0.08,1300,1,https://homeloans.hdfc.bank.in/home-loan-emi-calculator,6 days ago,Home loan interest rates,commercial (live rates),false,English,false,,not served by a MoneyMetric calculator
HDFC home-loan EMI,54,flat emi calculator,55,3300,0.01,1300,1,https://homeloans.hdfc.bank.in/home-loan-emi-calculator,5 days ago,Home loan EMI,transactional (calculator),false,English,true,/calculators/home-loan-emi-calculator,
HDFC home-loan EMI,55,home loan tenure calculator,54,1300,0.05,1300,1,https://homeloans.hdfc.bank.in/home-loan-emi-calculator,5 days ago,Home loan tenure,informational,false,English,true,/calculators/home-loan-eligibility-calculator,
HDFC home-loan EMI,56,hdfc home loan,27,75400,0.19,1300,1,-,7 days ago,Competitor-branded (navigational),navigational,true,English,false,,competitor-branded
HDFC home-loan EMI,57,loan tenure calculator,54,1500,0.01,1200,1,https://homeloans.hdfc.bank.in/home-loan-emi-calculator,6 days ago,Home loan tenure,informational,false,English,true,/calculators/home-loan-eligibility-calculator,
HDFC home-loan EMI,58,30 lakh home loan emi,48,3900,0.02,1100,1,https://homeloans.hdfc.bank.in/home-loan-emi-calculator,6 days ago,Home loan EMI – amount-specific,informational (quick answer),false,English,true,/calculators/home-loan-emi-calculator,
HDFC home-loan EMI,59,50 lakh home loan emi,48,3100,0.01,1100,1,-,5 days ago,Home loan EMI – amount-specific,informational (quick answer),false,English,true,/calculators/home-loan-emi-calculator,
HDFC home-loan EMI,60,hdfc bank home loan emi calculator,47,1000,0.05,1100,1,https://homeloans.hdfc.bank.in/home-loan-emi-calculator,7 days ago,Home loan EMI,transactional (calculator),true,English,false,,competitor-branded
HDFC home-loan EMI,61,mortgage loan emi calculator,54,2600,0.02,1000,1,https://homeloans.hdfc.bank.in/home-loan-emi-calculator,4 days ago,Home loan EMI,transactional (calculator),false,English,true,/calculators/home-loan-emi-calculator,
HDFC home-loan EMI,62,emi calculator for housing loan,53,2600,0.01,1000,1,https://homeloans.hdfc.bank.in/home-loan-emi-calculator,2 weeks ago,Home loan EMI,transactional (calculator),false,English,true,/calculators/home-loan-emi-calculator,
HDFC home-loan EMI,63,hdfc bank home loan interest rate,43,7500,0.13,1000,1,https://homeloans.hdfc.bank.in/home-loan-emi-calculator,6 days ago,Home loan interest rates,commercial (live rates),true,English,false,,competitor-branded
HDFC home-loan EMI,64,home loan emi calculator with prepayment,37,1600,0.03,1000,1,https://homeloans.hdfc.bank.in/home-loan-emi-calculator,20 hours ago,Loan prepayment,transactional (calculator),false,English,true,/calculators/loan-prepayment-calculator,
HDFC home-loan EMI,65,home loan rates,56,2100,0.13,1000,1,https://homeloans.hdfc.bank.in/home-loan-emi-calculator,7 days ago,Home loan interest rates,commercial (live rates),false,English,false,,not served by a MoneyMetric calculator
HDFC home-loan EMI,66,hdfc housing loan calculator,54,816,0.04,930,1,https://homeloans.hdfc.bank.in/home-loan-emi-calculator,2 weeks ago,Home loan calculator (head term),transactional (calculator),true,English,false,,competitor-branded
HDFC home-loan EMI,67,hdfc personal loan calculator,58,18300,0.04,903,2,-,17 hours ago,Personal loan,transactional (calculator),true,English,false,,competitor-branded
HDFC home-loan EMI,68,housing loan,53,6700,0.16,890,2,https://homeloans.hdfc.bank.in/home-loan-emi-calculator,7 days ago,Home loan calculator (head term),transactional (calculator),false,English,true,/calculators/home-loan-calculator,
HDFC home-loan EMI,69,house loan,54,3300,0.15,870,1,https://homeloans.hdfc.bank.in/home-loan-emi-calculator,7 days ago,Home loan calculator (head term),transactional (calculator),false,English,true,/calculators/home-loan-calculator,
HDFC home-loan EMI,70,emi calculator home loan hdfc,33,2300,0.02,864,1,https://homeloans.hdfc.bank.in/home-loan-emi-calculator,3 weeks ago,Home loan EMI,transactional (calculator),true,English,false,,competitor-branded
HDFC home-loan EMI,71,online loan calculator,57,1300,0.01,0,,https://homeloans.hdfc.bank.in/home-loan-emi-calculator,2 months ago,Loan cost / interest,transactional (calculator),false,English,true,/calculators/loan-calculator,
HDFC home-loan EMI,72,home loan repayment calculator,49,2200,0.07,846,1,https://homeloans.hdfc.bank.in/home-loan-emi-calculator,7 days ago,Home loan EMI,transactional (calculator),false,English,true,/calculators/home-loan-emi-calculator,
HDFC home-loan EMI,73,house emi calculator,52,2300,0.01,824,1,https://homeloans.hdfc.bank.in/home-loan-emi-calculator,3 weeks ago,Home loan EMI,transactional (calculator),false,English,true,/calculators/home-loan-emi-calculator,
HDFC home-loan EMI,74,emi calculator in months,53,11200,0.01,812,5,https://homeloans.hdfc.bank.in/home-loan-emi-calculator,4 days ago,Generic EMI,transactional (calculator),false,English,true,/calculators/emi-calculator,
HDFC home-loan EMI,75,land loan emi calculator,41,2300,0.03,798,1,https://homeloans.hdfc.bank.in/home-loan-emi-calculator,5 days ago,Plot/land loan EMI,transactional (calculator),false,English,false,,not served by a MoneyMetric calculator
HDFC home-loan EMI,76,calculate emi for home loan,59,1300,0.01,797,1,https://homeloans.hdfc.bank.in/home-loan-emi-calculator,1 week ago,Home loan EMI,transactional (calculator),false,English,true,/calculators/home-loan-emi-calculator,
HDFC home-loan EMI,77,property loan emi calculator,46,1900,0.03,771,1,https://homeloans.hdfc.bank.in/home-loan-emi-calculator,7 days ago,Home loan EMI,transactional (calculator),false,English,true,/calculators/home-loan-emi-calculator,
HDFC home-loan EMI,78,property loan calculator,52,2200,0.03,767,1,https://homeloans.hdfc.bank.in/home-loan-emi-calculator,4 days ago,Home loan calculator (head term),transactional (calculator),false,English,true,/calculators/home-loan-calculator,
HDFC home-loan EMI,79,25 lakh home loan emi,44,2000,0.02,753,1,https://homeloans.hdfc.bank.in/home-loan-emi-calculator,2 weeks ago,Home loan EMI – amount-specific,informational (quick answer),false,English,true,/calculators/home-loan-emi-calculator,
HDFC home-loan EMI,80,hdfc emi calculator home loan,46,714,0.01,749,1,https://homeloans.hdfc.bank.in/home-loan-emi-calculator,3 weeks ago,Home loan EMI,transactional (calculator),true,English,false,,competitor-branded
HDFC home-loan EMI,81,home loan prepayment calculator,31,6000,0.03,747,5,https://homeloans.hdfc.bank.in/home-loan-emi-calculator,6 days ago,Loan prepayment,transactional (calculator),false,English,true,/calculators/loan-prepayment-calculator,
HDFC home-loan EMI,82,emi. calculator,50,2000,0.01,723,1,https://homeloans.hdfc.bank.in/home-loan-emi-calculator,3 weeks ago,Generic EMI,transactional (calculator),false,English,true,/calculators/emi-calculator,
HDFC home-loan EMI,83,emi calculator loan,50,5900,0.01,722,3,https://homeloans.hdfc.bank.in/home-loan-emi-calculator,4 days ago,Generic EMI,transactional (calculator),false,English,true,/calculators/emi-calculator,
HDFC home-loan EMI,84,home loan interest rates in india,61,1500,0.13,703,1,https://homeloans.hdfc.bank.in/home-loan-emi-calculator,3 weeks ago,Home loan interest rates,commercial (live rates),false,English,false,,not served by a MoneyMetric calculator
HDFC home-loan EMI,85,home loan interest rates calculator,54,1800,0.01,661,1,https://homeloans.hdfc.bank.in/home-loan-emi-calculator,2 weeks ago,Home loan EMI,transactional (calculator),false,English,true,/calculators/home-loan-emi-calculator,
HDFC home-loan EMI,86,emi calculator hdfc home loan,50,612,0.01,641,1,https://homeloans.hdfc.bank.in/home-loan-emi-calculator,7 days ago,Home loan EMI,transactional (calculator),true,English,false,,competitor-branded
HDFC home-loan EMI,87,current home loan interest rates,61,4400,0.11,640,2,https://homeloans.hdfc.bank.in/home-loan-emi-calculator,7 days ago,Home loan interest rates,commercial (live rates),false,English,false,,not served by a MoneyMetric calculator
HDFC home-loan EMI,88,home calculator,54,2000,0.01,635,1,https://homeloans.hdfc.bank.in/home-loan-emi-calculator,3 weeks ago,Home loan calculator (head term),transactional (calculator),false,English,true,/calculators/home-loan-calculator,
HDFC home-loan EMI,89,hdfc housing loan interest rate,39,1100,0.13,610,1,-,6 days ago,Home loan interest rates,commercial (live rates),true,English,false,,competitor-branded
HDFC home-loan EMI,90,home.loan calculator,61,2100,0.01,601,1,https://homeloans.hdfc.bank.in/home-loan-emi-calculator,6 days ago,Home loan calculator (head term),transactional (calculator),false,English,true,/calculators/home-loan-calculator,
HDFC home-loan EMI,91,home.loan emi calculator,55,1600,0.02,592,1,https://homeloans.hdfc.bank.in/home-loan-emi-calculator,4 days ago,Home loan EMI,transactional (calculator),false,English,true,/calculators/home-loan-emi-calculator,
HDFC home-loan EMI,92,10 lakh loan emi for 10 years,55,1600,0.1,587,1,https://homeloans.hdfc.bank.in/home-loan-emi-calculator,16 hours ago,Home loan EMI – amount-specific,informational (quick answer),false,English,true,/calculators/home-loan-emi-calculator,
HDFC home-loan EMI,93,home loan rate,60,2200,0.14,577,1,-,7 hours ago,Home loan interest rates,commercial (live rates),false,English,false,,not served by a MoneyMetric calculator
HDFC home-loan EMI,94,homeloan,54,1300,0.21,574,1,https://homeloans.hdfc.bank.in/home-loan-emi-calculator,5 days ago,Home loan EMI,transactional (calculator),false,English,true,/calculators/home-loan-emi-calculator,
HDFC home-loan EMI,95,loan calculation,54,1700,0.01,566,1,https://homeloans.hdfc.bank.in/home-loan-emi-calculator,6 days ago,Loan cost / interest,transactional (calculator),false,English,true,/calculators/loan-calculator,
HDFC home-loan EMI,96,hdfc home loan interest rate calculator,45,612,0.01,565,1,-,5 days ago,Home loan interest rates,commercial (live rates),true,English,false,,competitor-branded
HDFC home-loan EMI,97,emi calculator housing loan,49,1400,0.01,556,1,https://homeloans.hdfc.bank.in/home-loan-emi-calculator,2 weeks ago,Home loan EMI,transactional (calculator),false,English,true,/calculators/home-loan-emi-calculator,
HDFC home-loan EMI,98,emi calculator with down payment,52,1500,0.01,547,1,https://homeloans.hdfc.bank.in/home-loan-emi-calculator,11 hours ago,Home purchase / down payment,transactional (calculator),false,English,true,/calculators/home-loan-calculator,
HDFC home-loan EMI,99,emi calculator hdfc bank,51,612,0.01,533,1,-,3 weeks ago,Generic EMI,transactional (calculator),true,English,false,,competitor-branded
HDFC home-loan EMI,100,emi calculator for home loan hdfc,41,1200,0.02,0,,https://homeloans.hdfc.bank.in/home-loan-emi-calculator,2 months ago,Home loan EMI,transactional (calculator),true,English,false,,competitor-branded
HDFC HL eligibility,1,home loan eligibility calculator,43,16300,0.15,12800,1,https://homeloans.hdfc.bank.in/home-loan-eligibility-calculator,5 days ago,Home loan eligibility,transactional (calculator),false,English,true,/calculators/home-loan-eligibility-calculator,
HDFC HL eligibility,2,groww login,43,73400,0.23,0,,https://homeloans.hdfc.bank.in/home-loan-eligibility-calculator,4 weeks ago,Competitor-branded (navigational),navigational,true,English,false,,competitor-branded
HDFC HL eligibility,3,personal loan calculator,56,113200,0.09,0,,https://homeloans.hdfc.bank.in/home-loan-eligibility-calculator,1 month ago,Personal loan,transactional (calculator),false,English,true,/calculators/loan-calculator,
HDFC HL eligibility,4,home loan calculator,61,284500,0.01,3900,6,https://homeloans.hdfc.bank.in/home-loan-eligibility-calculator,6 days ago,Home loan calculator (head term),transactional (calculator),false,English,true,/calculators/home-loan-calculator,
HDFC HL eligibility,5,loan eligibility calculator,43,5600,0.08,3800,1,https://homeloans.hdfc.bank.in/home-loan-eligibility-calculator,5 days ago,Home loan eligibility,transactional (calculator),false,English,true,/calculators/home-loan-eligibility-calculator,
HDFC HL eligibility,6,home loan,51,42800,0.19,3300,1,https://homeloans.hdfc.bank.in/home-loan-eligibility-calculator,5 days ago,Home loan calculator (head term),transactional (calculator),false,English,true,/calculators/home-loan-calculator,
HDFC HL eligibility,7,hdfc home loan calculator,55,39700,0.07,2200,1,-,4 days ago,Home loan calculator (head term),transactional (calculator),true,English,false,,competitor-branded
HDFC HL eligibility,8,home loan eligibility,43,6100,0.23,1900,1,https://homeloans.hdfc.bank.in/home-loan-eligibility-calculator,6 days ago,Home loan eligibility,transactional (calculator),false,English,true,/calculators/home-loan-eligibility-calculator,
HDFC HL eligibility,9,hdfc home loan eligibility,47,1400,0.17,1400,1,https://homeloans.hdfc.bank.in/home-loan-eligibility-calculator,5 days ago,Home loan eligibility,transactional (calculator),true,English,false,,competitor-branded
HDFC HL eligibility,10,housing loan eligibility calculator,49,1500,0.17,1200,1,https://homeloans.hdfc.bank.in/home-loan-eligibility-calculator,7 days ago,Home loan eligibility,transactional (calculator),false,English,true,/calculators/home-loan-eligibility-calculator,
HDFC HL eligibility,11,hdfc home loan eligibility calculator,49,1100,0.15,1000,1,https://homeloans.hdfc.bank.in/home-loan-eligibility-calculator,7 days ago,Home loan eligibility,transactional (calculator),true,English,false,,competitor-branded
HDFC HL eligibility,12,loan eligibility,58,1700,0.2,901,1,https://homeloans.hdfc.bank.in/home-loan-eligibility-calculator,3 weeks ago,Home loan eligibility,transactional (calculator),false,English,true,/calculators/home-loan-eligibility-calculator,
HDFC HL eligibility,13,home loan eligibility calculator hdfc,50,612,0.12,594,1,-,3 weeks ago,Home loan eligibility,transactional (calculator),true,English,false,,competitor-branded
HDFC HL eligibility,14,loan eligibility check,54,1500,0.14,542,1,https://homeloans.hdfc.bank.in/home-loan-eligibility-calculator,3 weeks ago,Home loan eligibility,transactional (calculator),false,English,true,/calculators/home-loan-eligibility-calculator,
HDFC HL eligibility,15,loan calculator home,57,8900,0.02,539,7,-,17 hours ago,Home loan calculator (head term),transactional (calculator),false,English,true,/calculators/home-loan-calculator,
HDFC HL eligibility,16,hdfc home loan emi calculator,40,11200,0.02,507,2,-,4 days ago,Home loan EMI,transactional (calculator),true,English,false,,competitor-branded
HDFC HL eligibility,17,check loan eligibility,54,1500,0.21,476,1,https://homeloans.hdfc.bank.in/home-loan-eligibility-calculator,6 hours ago,Home loan eligibility,transactional (calculator),false,English,true,/calculators/home-loan-eligibility-calculator,
HDFC HL eligibility,18,home loan eligibility based on salary,46,918,0.09,470,1,https://homeloans.hdfc.bank.in/home-loan-eligibility-calculator,1 week ago,Home loan eligibility,transactional (calculator),false,English,true,/calculators/home-loan-eligibility-calculator,
HDFC HL eligibility,19,hdfc bank home loan interest rate,43,7500,0.13,428,6,-,6 days ago,Home loan interest rates,commercial (live rates),true,English,false,,competitor-branded
HDFC HL eligibility,20,how much loan can i get,49,1200,0.09,418,1,https://homeloans.hdfc.bank.in/home-loan-eligibility-calculator,6 days ago,Home loan eligibility,transactional (calculator),false,English,true,/calculators/home-loan-eligibility-calculator,
HDFC HL eligibility,21,home loan how much can i borrow,54,1000,0.15,381,1,https://homeloans.hdfc.bank.in/home-loan-eligibility-calculator,6 days ago,Home loan eligibility,transactional (calculator),false,English,true,/calculators/home-loan-eligibility-calculator,
HDFC HL eligibility,22,how much home loan can i get,50,1300,0.16,348,1,https://homeloans.hdfc.bank.in/home-loan-eligibility-calculator,2 weeks ago,Home loan eligibility,transactional (calculator),false,English,true,/calculators/home-loan-eligibility-calculator,
HDFC HL eligibility,23,home loan eligibility calculator based on salary,44,918,0.1,320,2,https://homeloans.hdfc.bank.in/home-loan-eligibility-calculator,1 week ago,Home loan eligibility,transactional (calculator),false,English,true,/calculators/home-loan-eligibility-calculator,
HDFC HL eligibility,24,house loan calculator,55,3600,0.01,312,5,https://homeloans.hdfc.bank.in/home-loan-eligibility-calculator,6 days ago,Home loan calculator (head term),transactional (calculator),false,English,true,/calculators/home-loan-calculator,
HDFC HL eligibility,25,home loan emi calculator hdfc,47,3900,0.02,310,2,-,5 days ago,Home loan EMI,transactional (calculator),true,English,false,,competitor-branded
HDFC HL eligibility,26,home loan calculator hdfc,50,5200,0.03,307,1,-,6 days ago,Home loan calculator (head term),transactional (calculator),true,English,false,,competitor-branded
HDFC HL eligibility,27,loan calculator home loan,57,3700,0.01,286,6,https://homeloans.hdfc.bank.in/home-loan-eligibility-calculator,5 days ago,Home loan calculator (head term),transactional (calculator),false,English,true,/calculators/home-loan-calculator,
HDFC HL eligibility,28,emi calculator home loan hdfc,33,2300,0.02,279,3,https://homeloans.hdfc.bank.in/home-loan-eligibility-calculator,3 weeks ago,Home loan EMI,transactional (calculator),true,English,false,,competitor-branded
HDFC HL eligibility,29,eligibility for home loan,42,510,0.23,273,1,https://homeloans.hdfc.bank.in/home-loan-eligibility-calculator,21 hours ago,Home loan eligibility,transactional (calculator),false,English,true,/calculators/home-loan-eligibility-calculator,
HDFC HL eligibility,30,loan eligibility calculator hdfc,47,306,0.1,271,1,https://homeloans.hdfc.bank.in/home-loan-eligibility-calculator,1 month ago,Home loan eligibility,transactional (calculator),true,English,false,,competitor-branded
HDFC HL eligibility,31,sbi home loan eligibility calculator,52,2400,0.11,268,5,https://homeloans.hdfc.bank.in/home-loan-eligibility-calculator,17 hours ago,Home loan eligibility,transactional (calculator),true,English,false,,competitor-branded
HDFC HL eligibility,32,how much home loan can i get on 40000 salary,17,612,0.09,226,1,https://homeloans.hdfc.bank.in/home-loan-eligibility-calculator,7 days ago,Home loan eligibility,transactional (calculator),false,English,true,/calculators/home-loan-eligibility-calculator,
HDFC HL eligibility,33,hdfc loan calculator,56,13200,0.11,220,3,https://homeloans.hdfc.bank.in/home-loan-eligibility-calculator,5 days ago,Competitor-branded (navigational),navigational,true,English,false,,competitor-branded
HDFC HL eligibility,34,home loan age limit,35,612,0.14,214,1,https://homeloans.hdfc.bank.in/home-loan-eligibility-calculator,1 week ago,Home loan eligibility – criteria,informational,false,English,true,/calculators/home-loan-eligibility-calculator,
HDFC HL eligibility,35,home loan minimum tenure,26,612,0.12,209,1,https://homeloans.hdfc.bank.in/home-loan-eligibility-calculator,2 weeks ago,Home loan tenure,informational,false,English,true,/calculators/home-loan-eligibility-calculator,
HDFC HL eligibility,36,how to check loan eligibility,51,612,0.17,205,1,https://homeloans.hdfc.bank.in/home-loan-eligibility-calculator,4 days ago,Home loan eligibility,transactional (calculator),false,English,true,/calculators/home-loan-eligibility-calculator,
HDFC HL eligibility,37,hdfc loan eligibility,35,306,0.04,203,1,https://homeloans.hdfc.bank.in/home-loan-eligibility-calculator,1 month ago,Home loan eligibility,transactional (calculator),true,English,false,,competitor-branded
HDFC HL eligibility,38,how to check home loan eligibility,50,612,0.35,203,1,https://homeloans.hdfc.bank.in/home-loan-eligibility-calculator,3 weeks ago,Home loan eligibility,transactional (calculator),false,English,true,/calculators/home-loan-eligibility-calculator,
HDFC HL eligibility,39,home loan eligibility check,43,612,0.35,190,1,https://homeloans.hdfc.bank.in/home-loan-eligibility-calculator,4 days ago,Home loan eligibility,transactional (calculator),false,English,true,/calculators/home-loan-eligibility-calculator,
HDFC HL eligibility,40,housing loan,53,6700,0.16,187,9,https://homeloans.hdfc.bank.in/home-loan-eligibility-calculator,7 days ago,Home loan calculator (head term),transactional (calculator),false,English,true,/calculators/home-loan-calculator,
HDFC HL eligibility,41,emi eligibility calculator,43,357,0.01,177,1,https://homeloans.hdfc.bank.in/home-loan-eligibility-calculator,1 month ago,Home loan eligibility,transactional (calculator),false,English,true,/calculators/home-loan-eligibility-calculator,
HDFC HL eligibility,42,home loan maximum tenure,50,459,0.1,174,1,https://homeloans.hdfc.bank.in/home-loan-eligibility-calculator,4 days ago,Home loan tenure,informational,false,English,true,/calculators/home-loan-eligibility-calculator,
HDFC HL eligibility,43,home loan criteria,33,612,0.13,172,1,https://homeloans.hdfc.bank.in/home-loan-eligibility-calculator,3 weeks ago,Home loan eligibility – criteria,informational,false,English,true,/calculators/home-loan-eligibility-calculator,
HDFC HL eligibility,44,check home loan eligibility online,38,459,0.24,168,1,https://homeloans.hdfc.bank.in/home-loan-eligibility-calculator,4 weeks ago,Home loan eligibility,transactional (calculator),false,English,true,/calculators/home-loan-eligibility-calculator,
HDFC HL eligibility,45,hdfc bank home loan emi calculator,47,1000,0.05,159,2,-,7 days ago,Home loan EMI,transactional (calculator),true,English,false,,competitor-branded
HDFC HL eligibility,46,maximum tenure for home loan,11,408,0.11,156,1,https://homeloans.hdfc.bank.in/home-loan-eligibility-calculator,1 month ago,Home loan tenure,informational,false,English,true,/calculators/home-loan-eligibility-calculator,
HDFC HL eligibility,47,joint home loan eligibility calculator,49,357,0.12,150,1,https://homeloans.hdfc.bank.in/home-loan-eligibility-calculator,4 weeks ago,Home loan eligibility,transactional (calculator),false,English,true,/calculators/home-loan-eligibility-calculator,
HDFC HL eligibility,48,home loan amount eligibility,46,306,0.14,149,2,https://homeloans.hdfc.bank.in/home-loan-eligibility-calculator,1 week ago,Home loan eligibility,transactional (calculator),false,English,true,/calculators/home-loan-eligibility-calculator,
HDFC HL eligibility,49,hdfc loan eligibility calculator,42,306,0.1,146,1,https://homeloans.hdfc.bank.in/home-loan-eligibility-calculator,4 weeks ago,Home loan eligibility,transactional (calculator),true,English,false,,competitor-branded
HDFC HL eligibility,50,house loan,54,3300,0.15,137,6,https://homeloans.hdfc.bank.in/home-loan-eligibility-calculator,7 days ago,Home loan calculator (head term),transactional (calculator),false,English,true,/calculators/home-loan-calculator,
HDFC HL eligibility,51,home eligibility calculator,39,357,0.12,132,1,https://homeloans.hdfc.bank.in/home-loan-eligibility-calculator,3 weeks ago,Home loan eligibility,transactional (calculator),false,English,true,/calculators/home-loan-eligibility-calculator,
HDFC HL eligibility,52,home loan calculator eligibility,43,357,0.15,131,1,https://homeloans.hdfc.bank.in/home-loan-eligibility-calculator,5 days ago,Home loan eligibility,transactional (calculator),false,English,true,/calculators/home-loan-eligibility-calculator,
HDFC HL eligibility,53,hdfc bank home loan calculator,50,2100,0.01,119,1,-,1 week ago,Home loan calculator (head term),transactional (calculator),true,English,false,,competitor-branded
HDFC HL eligibility,54,home loan apply,57,1100,0.5,0,,https://homeloans.hdfc.bank.in/home-loan-eligibility-calculator,1 month ago,Loan application,transactional (lender),false,English,false,,not served by a MoneyMetric calculator
HDFC HL eligibility,55,home loan eligibility calculator sbi,49,510,0.11,118,2,-,7 days ago,Home loan eligibility,transactional (calculator),true,English,false,,competitor-branded
HDFC HL eligibility,56,home loan calculator based on salary,46,306,0.01,117,1,https://homeloans.hdfc.bank.in/home-loan-eligibility-calculator,3 weeks ago,Home loan eligibility,transactional (calculator),false,English,true,/calculators/home-loan-eligibility-calculator,
HDFC HL eligibility,57,home lone,60,1800,0.19,111,5,-,2 weeks ago,Loan application,transactional (lender),false,English,false,,not served by a MoneyMetric calculator
HDFC HL eligibility,58,emi calculator for home loan hdfc,47,1200,0.02,110,5,https://homeloans.hdfc.bank.in/home-loan-eligibility-calculator,4 weeks ago,Home loan EMI,transactional (calculator),true,English,false,,competitor-branded
HDFC HL eligibility,59,house loan eligibility calculator,38,204,0.18,109,1,https://homeloans.hdfc.bank.in/home-loan-eligibility-calculator,4 weeks ago,Home loan eligibility,transactional (calculator),false,English,true,/calculators/home-loan-eligibility-calculator,
HDFC HL eligibility,60,how much home loan can i get on 30000 salary,31,204,0.12,109,1,https://homeloans.hdfc.bank.in/home-loan-eligibility-calculator,4 weeks ago,Home loan eligibility,transactional (calculator),false,English,true,/calculators/home-loan-eligibility-calculator,
HDFC HL eligibility,61,house loan eligibility,47,459,0.23,108,1,https://homeloans.hdfc.bank.in/home-loan-eligibility-calculator,1 week ago,Home loan eligibility,transactional (calculator),false,English,true,/calculators/home-loan-eligibility-calculator,
HDFC HL eligibility,62,home loan calculation,53,1600,0.01,0,,https://homeloans.hdfc.bank.in/home-loan-eligibility-calculator,2 months ago,Home loan calculator (head term),transactional (calculator),false,English,true,/calculators/home-loan-calculator,
HDFC HL eligibility,63,property loan eligibility,28,306,0.28,0,,https://homeloans.hdfc.bank.in/home-loan-eligibility-calculator,2 months ago,Home loan eligibility,transactional (calculator),false,English,true,/calculators/home-loan-eligibility-calculator,
HDFC HL eligibility,64,home.loan calculator,61,2100,0.01,99,6,https://homeloans.hdfc.bank.in/home-loan-eligibility-calculator,6 days ago,Home loan calculator (head term),transactional (calculator),false,English,true,/calculators/home-loan-calculator,
HDFC HL eligibility,65,loan eligibility checker,50,255,0.16,98,1,https://homeloans.hdfc.bank.in/home-loan-eligibility-calculator,1 month ago,Home loan eligibility,transactional (calculator),false,English,true,/calculators/home-loan-eligibility-calculator,
HDFC HL eligibility,66,minimum tenure for home loan,10,255,0.11,93,2,https://homeloans.hdfc.bank.in/home-loan-eligibility-calculator,4 weeks ago,Home loan tenure,informational,false,English,true,/calculators/home-loan-eligibility-calculator,
HDFC HL eligibility,67,home loan eligibility criteria,32,357,0.16,93,1,https://homeloans.hdfc.bank.in/home-loan-eligibility-calculator,1 month ago,Home loan eligibility – criteria,informational,false,English,true,/calculators/home-loan-eligibility-calculator,
HDFC HL eligibility,68,home loan requirements,33,357,0.17,92,1,https://homeloans.hdfc.bank.in/home-loan-eligibility-calculator,2 weeks ago,Home loan eligibility – criteria,informational,false,English,true,/calculators/home-loan-eligibility-calculator,
HDFC HL eligibility,69,apply for home loan,52,714,0.63,90,5,https://homeloans.hdfc.bank.in/home-loan-eligibility-calculator,2 weeks ago,Loan application,transactional (lender),false,English,false,,not served by a MoneyMetric calculator
HDFC HL eligibility,70,hdfc bank home loan eligibility calculator,44,204,0.12,87,1,https://homeloans.hdfc.bank.in/home-loan-eligibility-calculator,3 weeks ago,Home loan eligibility,transactional (calculator),true,English,false,,competitor-branded
HDFC HL eligibility,71,home calculator,54,2000,0.01,84,7,-,3 weeks ago,Home loan calculator (head term),transactional (calculator),false,English,true,/calculators/home-loan-calculator,
HDFC HL eligibility,72,how much house loan can i get,54,204,0.13,83,1,https://homeloans.hdfc.bank.in/home-loan-eligibility-calculator,3 weeks ago,Home loan eligibility,transactional (calculator),false,English,true,/calculators/home-loan-eligibility-calculator,
HDFC HL eligibility,73,eligibility calculator for home loan,41,153,0.11,83,1,https://homeloans.hdfc.bank.in/home-loan-eligibility-calculator,2 weeks ago,Home loan eligibility,transactional (calculator),false,English,true,/calculators/home-loan-eligibility-calculator,
HDFC HL eligibility,74,how much salary required for home loan,42,204,0.12,81,1,https://homeloans.hdfc.bank.in/home-loan-eligibility-calculator,1 month ago,Home loan eligibility – criteria,informational,false,English,true,/calculators/home-loan-eligibility-calculator,
HDFC HL eligibility,75,sbi home loan eligibility calculator based on salary,50,612,0.1,81,1,-,4 days ago,Home loan eligibility,transactional (calculator),true,English,false,,competitor-branded
HDFC HL eligibility,76,minimum home loan amount,33,204,0.14,80,1,https://homeloans.hdfc.bank.in/home-loan-eligibility-calculator,3 weeks ago,Home loan eligibility – criteria,informational,false,English,true,/calculators/home-loan-eligibility-calculator,
HDFC HL eligibility,77,how much home loan can i get on 50000 salary,30,204,0.06,79,1,https://homeloans.hdfc.bank.in/home-loan-eligibility-calculator,4 weeks ago,Home loan eligibility,transactional (calculator),false,English,true,/calculators/home-loan-eligibility-calculator,
HDFC HL eligibility,78,how to calculate loan eligibility,43,153,0.04,78,1,https://homeloans.hdfc.bank.in/home-loan-eligibility-calculator,3 weeks ago,Home loan eligibility,transactional (calculator),false,English,true,/calculators/home-loan-eligibility-calculator,
HDFC HL eligibility,79,loan eligibility check online,44,204,0.15,75,1,https://homeloans.hdfc.bank.in/home-loan-eligibility-calculator,2 months ago,Home loan eligibility,transactional (calculator),false,English,true,/calculators/home-loan-eligibility-calculator,
HDFC HL eligibility,80,how much home loan can i get on 20000 salary,44,204,0.1,75,1,https://homeloans.hdfc.bank.in/home-loan-eligibility-calculator,1 month ago,Home loan eligibility,transactional (calculator),false,English,true,/calculators/home-loan-eligibility-calculator,
HDFC HL eligibility,81,loan amount eligibility,50,153,0.16,73,1,https://homeloans.hdfc.bank.in/home-loan-eligibility-calculator,4 weeks ago,Home loan eligibility,transactional (calculator),false,English,true,/calculators/home-loan-eligibility-calculator,
HDFC HL eligibility,82,minimum salary for home loan,49,153,0.11,72,1,https://homeloans.hdfc.bank.in/home-loan-eligibility-calculator,3 weeks ago,Home loan eligibility – criteria,informational,false,English,true,/calculators/home-loan-eligibility-calculator,
HDFC HL eligibility,83,hdfc pl calculator,58,1200,0.01,69,6,https://homeloans.hdfc.bank.in/home-loan-eligibility-calculator,21 hours ago,Personal loan,transactional (calculator),true,English,false,,competitor-branded
HDFC HL eligibility,84,25000 salary home loan,5,204,0.06,69,1,https://homeloans.hdfc.bank.in/home-loan-eligibility-calculator,3 weeks ago,Home loan eligibility,transactional (calculator),false,English,true,/calculators/home-loan-eligibility-calculator,
HDFC HL eligibility,85,home loan calculator india,52,816,0.01,0,,https://homeloans.hdfc.bank.in/home-loan-eligibility-calculator,1 month ago,Home loan calculator (head term),transactional (calculator),false,English,true,/calculators/home-loan-calculator,
HDFC HL eligibility,86,housing loan emi calculator,4,16300,0.01,0,,https://homeloans.hdfc.bank.in/home-loan-eligibility-calculator,1 month ago,Home loan EMI,transactional (calculator),false,English,true,/calculators/home-loan-emi-calculator,
HDFC HL eligibility,87,criteria for home loan,29,153,0.13,64,1,https://homeloans.hdfc.bank.in/home-loan-eligibility-calculator,3 weeks ago,Home loan eligibility – criteria,informational,false,English,true,/calculators/home-loan-eligibility-calculator,
HDFC HL eligibility,88,how to check eligibility for home loan,42,153,0.3,64,1,https://homeloans.hdfc.bank.in/home-loan-eligibility-calculator,2 months ago,Home loan eligibility,transactional (calculator),false,English,true,/calculators/home-loan-eligibility-calculator,
HDFC HL eligibility,89,how to calculate home loan eligibility,43,153,0.11,63,1,https://homeloans.hdfc.bank.in/home-loan-eligibility-calculator,4 weeks ago,Home loan eligibility,transactional (calculator),false,English,true,/calculators/home-loan-eligibility-calculator,
HDFC HL eligibility,90,check eligibility for home loan,43,153,0.33,62,1,https://homeloans.hdfc.bank.in/home-loan-eligibility-calculator,4 weeks ago,Home loan eligibility,transactional (calculator),false,English,true,/calculators/home-loan-eligibility-calculator,
HDFC HL eligibility,91,calculate emi on home loan,57,816,0.01,0,,https://homeloans.hdfc.bank.in/home-loan-eligibility-calculator,4 weeks ago,Home loan EMI,transactional (calculator),false,English,true,/calculators/home-loan-emi-calculator,
HDFC HL eligibility,92,home loan calculater,56,714,0.01,60,5,https://homeloans.hdfc.bank.in/home-loan-eligibility-calculator,3 weeks ago,Home loan calculator (head term),transactional (calculator),false,English,true,/calculators/home-loan-calculator,
HDFC HL eligibility,93,home loan percentage,56,1300,0.08,60,5,-,1 week ago,Home loan interest rates,commercial (live rates),false,English,false,,not served by a MoneyMetric calculator
HDFC HL eligibility,94,hdfc plot loan emi calculator,40,510,0.01,59,4,https://homeloans.hdfc.bank.in/home-loan-eligibility-calculator,2 weeks ago,Plot/land loan EMI,transactional (calculator),true,English,false,,competitor-branded
HDFC HL eligibility,95,home loan eligibility hdfc,32,71,0.17,59,1,https://homeloans.hdfc.bank.in/home-loan-eligibility-calculator,4 weeks ago,Home loan eligibility,transactional (calculator),true,English,false,,competitor-branded
HDFC HL eligibility,96,home loan for salaried person,39,153,0.13,59,1,https://homeloans.hdfc.bank.in/home-loan-eligibility-calculator,3 weeks ago,Home loan eligibility – criteria,informational,false,English,true,/calculators/home-loan-eligibility-calculator,
HDFC HL eligibility,97,hdfc house loan emi calculator,22,306,0.01,59,2,-,3 weeks ago,Home loan EMI,transactional (calculator),true,English,false,,competitor-branded
HDFC HL eligibility,98,home loan affordability calculator,37,510,0.01,58,3,https://homeloans.hdfc.bank.in/home-loan-eligibility-calculator,4 days ago,Home affordability,transactional (calculator),false,English,true,/calculators/home-affordability-calculator,
HDFC HL eligibility,99,home loan apply online,51,714,0.35,0,,https://homeloans.hdfc.bank.in/home-loan-eligibility-calculator,4 weeks ago,Loan application,transactional (lender),false,English,false,,not served by a MoneyMetric calculator
HDFC HL eligibility,100,hdfc emi calculator for home loan,48,306,0.01,56,2,https://homeloans.hdfc.bank.in/home-loan-eligibility-calculator,5 days ago,Home loan EMI,transactional (calculator),true,English,false,,competitor-branded
SIPCalculator.in,1,sip calculator,47,1100000,0.02,6000,5,https://sipcalculator.in/,6 days ago,SIP calculator,transactional (calculator),false,English,true,/calculators/sip-calculator,
SIPCalculator.in,2,mutual fund return calculator,15,14200,0.01,2100,5,https://sipcalculator.in/,7 hours ago,Mutual fund returns,transactional (calculator),false,English,true,/calculators/sip-calculator,
SIPCalculator.in,3,sip calculator with inflation,39,11200,0.01,2100,2,https://sipcalculator.in/,6 days ago,SIP with inflation / step-up,transactional (calculator),false,English,true,/calculators/sip-calculator,
SIPCalculator.in,4,sip calculator.in,46,918,0.01,1000,1,https://sipcalculator.in/,24 hours ago,SIP calculator,transactional (calculator),true,English,false,,competitor-branded
SIPCalculator.in,5,sip calculator groww,37,6400,0.03,947,2,https://sipcalculator.in/,13 hours ago,SIP calculator,transactional (calculator),true,English,false,,competitor-branded
SIPCalculator.in,6,sip returns calculator,45,6000,0.03,813,4,https://sipcalculator.in/,20 hours ago,SIP calculator,transactional (calculator),false,English,true,/calculators/sip-calculator,
SIPCalculator.in,7,sip return calculator,47,39700,0.01,736,6,https://sipcalculator.in/,22 hours ago,SIP calculator,transactional (calculator),false,English,true,/calculators/sip-calculator,
SIPCalculator.in,8,spi calculator,47,5900,0.01,514,5,https://sipcalculator.in/,5 days ago,SIP calculator,transactional (calculator),false,English,true,/calculators/sip-calculator,
SIPCalculator.in,9,sip calculator mutual fund,47,6600,0.01,494,7,https://sipcalculator.in/,5 days ago,Mutual fund returns,transactional (calculator),false,English,true,/calculators/sip-calculator,
SIPCalculator.in,10,sip mutual fund calculator,45,9900,0.01,482,9,-,21 hours ago,Mutual fund returns,transactional (calculator),false,English,true,/calculators/sip-calculator,
SIPCalculator.in,11,sipcalculator.in,54,510,0.06,0,,https://sipcalculator.in/,2 months ago,SIP calculator,transactional (calculator),true,English,false,,competitor-branded
SIPCalculator.in,12,calculator sip,47,2900,0.01,428,2,https://sipcalculator.in/,6 days ago,SIP calculator,transactional (calculator),false,English,true,/calculators/sip-calculator,
SIPCalculator.in,13,sip calculator monthly,47,4700,0.01,360,6,https://sipcalculator.in/,4 days ago,SIP calculator,transactional (calculator),false,English,true,/calculators/sip-calculator,
SIPCalculator.in,14,bitcoin sip calculator,49,11200,0,346,10,https://sipcalculator.in/,5 days ago,SIP – off-topic/unsupported,informational/other,false,English,false,,not served by a MoneyMetric calculator
SIPCalculator.in,15,sip calculator india,47,4500,0.01,301,7,https://sipcalculator.in/,5 days ago,SIP calculator,transactional (calculator),false,English,true,/calculators/sip-calculator,
SIPCalculator.in,16,सिप कैलकुलेटर,54,2300,0.03,276,2,-,5 days ago,SIP – Hindi/Marathi,transactional (calculator),false,non-English,false,,no non-English pages
SIPCalculator.in,17,sip.calculator,47,3500,0.01,266,5,https://sipcalculator.in/,4 days ago,SIP calculator,transactional (calculator),false,English,true,/calculators/sip-calculator,
SIPCalculator.in,18,mutual fund calculator sip,47,8500,0.01,259,11,https://sipcalculator.in/,5 days ago,Mutual fund returns,transactional (calculator),false,English,true,/calculators/sip-calculator,
SIPCalculator.in,19,sip investment,4,34600,0.22,0,,https://sipcalculator.in/,1 month ago,SIP – off-topic/unsupported,informational/other,false,English,false,,not served by a MoneyMetric calculator
SIPCalculator.in,20,sip cal,55,3000,0.01,225,6,https://sipcalculator.in/,4 days ago,SIP calculator,transactional (calculator),false,English,true,/calculators/sip-calculator,
SIPCalculator.in,21,index fund calculator,56,16300,0.01,0,,https://sipcalculator.in/,1 month ago,SIP – off-topic/unsupported,informational/other,false,English,false,,not served by a MoneyMetric calculator
SIPCalculator.in,22,groww sip calculator,33,5600,0.02,0,,https://sipcalculator.in/,1 month ago,SIP calculator,transactional (calculator),true,English,false,,competitor-branded
SIPCalculator.in,23,sip calculator for 100 years,55,612,0.01,213,1,-,6 days ago,SIP calculator,transactional (calculator),false,English,true,/calculators/sip-calculator,
SIPCalculator.in,24,sip calculator inflation adjusted,19,510,0.19,203,1,https://sipcalculator.in/,6 days ago,SIP with inflation / step-up,transactional (calculator),false,English,true,/calculators/sip-calculator,
SIPCalculator.in,25,inflation adjusted sip calculator,11,1600,0.08,187,3,https://sipcalculator.in/,6 days ago,SIP with inflation / step-up,transactional (calculator),false,English,true,/calculators/sip-calculator,
SIPCalculator.in,26,calculator site,92,2400,0.02,0,,https://sipcalculator.in/,1 month ago,SIP – off-topic/unsupported,informational/other,false,English,false,,not served by a MoneyMetric calculator
SIPCalculator.in,27,sip calc,47,1800,0.01,170,4,https://sipcalculator.in/,13 hours ago,SIP calculator,transactional (calculator),false,English,true,/calculators/sip-calculator,
SIPCalculator.in,28,monthly sip calculator,47,5900,0.03,167,11,https://sipcalculator.in/,5 days ago,SIP calculator,transactional (calculator),false,English,true,/calculators/sip-calculator,
SIPCalculator.in,29,sip calculate,55,2600,0.01,141,5,https://sipcalculator.in/,7 days ago,SIP calculator,transactional (calculator),false,English,true,/calculators/sip-calculator,
SIPCalculator.in,30,sip return rate,9,3400,0.03,0,,https://sipcalculator.in/,4 weeks ago,SIP – informational,informational,false,English,true,/calculators/sip-calculator,
SIPCalculator.in,31,mutual fund calculator,39,90700,0.02,0,,https://sipcalculator.in/,1 month ago,Mutual fund returns,transactional (calculator),false,English,true,/calculators/sip-calculator,
SIPCalculator.in,32,mf calculator,40,15300,0.02,0,,https://sipcalculator.in/,4 weeks ago,Mutual fund returns,transactional (calculator),false,English,true,/calculators/sip-calculator,
SIPCalculator.in,33,grow sip calculator,35,4100,0.13,130,9,https://sipcalculator.in/,5 days ago,SIP calculator,transactional (calculator),true,English,false,,competitor-branded
SIPCalculator.in,34,sip calulator,49,714,0.01,0,,https://sipcalculator.in/,1 month ago,SIP calculator,transactional (calculator),false,English,true,/calculators/sip-calculator,
SIPCalculator.in,35,sip investment calculator,55,6800,0.03,125,6,https://sipcalculator.in/,4 days ago,SIP calculator,transactional (calculator),false,English,true,/calculators/sip-calculator,
SIPCalculator.in,36,nifty 50 calculator,56,1300,0.01,124,4,https://sipcalculator.in/,3 weeks ago,SIP – off-topic/unsupported,informational/other,false,English,false,,not served by a MoneyMetric calculator
SIPCalculator.in,37,sip calculator 100 years,58,306,0.01,113,1,https://sipcalculator.in/,1 week ago,SIP calculator,transactional (calculator),false,English,true,/calculators/sip-calculator,
SIPCalculator.in,38,sil calculator,63,1200,0.01,0,,https://sipcalculator.in/,2 months ago,SIP calculator,transactional (calculator),false,English,true,/calculators/sip-calculator,
SIPCalculator.in,39,sip calcultor,58,714,0.01,111,2,https://sipcalculator.in/,3 weeks ago,SIP calculator,transactional (calculator),false,English,true,/calculators/sip-calculator,
SIPCalculator.in,40,sip calculation,47,4500,0.01,110,4,https://sipcalculator.in/,22 hours ago,SIP calculator,transactional (calculator),false,English,true,/calculators/sip-calculator,
SIPCalculator.in,41,sip interest rate,33,9500,0.04,0,,https://sipcalculator.in/,4 weeks ago,Home loan interest rates,commercial (live rates),false,English,false,,not served by a MoneyMetric calculator
SIPCalculator.in,42,sip calculatir,56,714,0.01,98,2,https://sipcalculator.in/,5 days ago,SIP calculator,transactional (calculator),false,English,true,/calculators/sip-calculator,
SIPCalculator.in,43,sip calculator etmoney,44,1500,0.01,0,,https://sipcalculator.in/,4 weeks ago,SIP calculator,transactional (calculator),true,English,false,,competitor-branded
SIPCalculator.in,44,sip. calculator,58,1200,0.02,89,5,https://sipcalculator.in/,2 weeks ago,SIP calculator,transactional (calculator),false,English,true,/calculators/sip-calculator,
SIPCalculator.in,45,sop calculator,51,918,0.01,86,4,-,7 days ago,SIP calculator,transactional (calculator),false,English,true,/calculators/sip-calculator,
SIPCalculator.in,46,sip with inflation calculator,19,612,0.11,85,2,https://sipcalculator.in/,6 days ago,SIP with inflation / step-up,transactional (calculator),false,English,true,/calculators/sip-calculator,
SIPCalculator.in,47,sip calculator return,59,1300,0.01,81,7,https://sipcalculator.in/,2 weeks ago,SIP calculator,transactional (calculator),false,English,true,/calculators/sip-calculator,
SIPCalculator.in,48,mutual funds calculator,4,9000,0.02,0,,https://sipcalculator.in/,1 month ago,Mutual fund returns,transactional (calculator),false,English,true,/calculators/sip-calculator,
SIPCalculator.in,49,sip interest calculator,57,1600,0.01,65,10,-,3 weeks ago,SIP calculator,transactional (calculator),false,English,true,/calculators/sip-calculator,
SIPCalculator.in,50,calculate sip returns,59,2000,0.02,63,9,https://sipcalculator.in/,3 weeks ago,SIP calculator,transactional (calculator),false,English,true,/calculators/sip-calculator,
SIPCalculator.in,51,sip calculator in,51,153,0.04,63,1,https://sipcalculator.in/,2 weeks ago,SIP calculator,transactional (calculator),false,English,true,/calculators/sip-calculator,
SIPCalculator.in,52,sip calculator with step up and inflation,7,1200,0.05,58,8,https://sipcalculator.in/,6 days ago,SIP with inflation / step-up,transactional (calculator),false,English,true,/calculators/sip-calculator,
SIPCalculator.in,53,sip calculator with inflation adjustment,45,357,0.01,51,2,https://sipcalculator.in/,2 weeks ago,SIP with inflation / step-up,transactional (calculator),false,English,true,/calculators/sip-calculator,
SIPCalculator.in,54,sip growth calculator,47,1600,0.02,50,9,https://sipcalculator.in/,5 days ago,SIP calculator,transactional (calculator),false,English,true,/calculators/sip-calculator,
SIPCalculator.in,55,sip maturity calculator,52,1000,0.01,49,8,https://sipcalculator.in/,3 weeks ago,SIP calculator,transactional (calculator),false,English,true,/calculators/sip-calculator,
SIPCalculator.in,56,sip plan calculator,47,1000,0.01,49,10,https://sipcalculator.in/,11 hours ago,SIP calculator,transactional (calculator),false,English,true,/calculators/sip-calculator,
SIPCalculator.in,57,घूंट कैलकुलेटर,10,1000,0.04,0,,https://sipcalculator.in/,1 month ago,SIP – Hindi/Marathi,transactional (calculator),false,non-English,false,,no non-English pages
SIPCalculator.in,58,sip value calculator,48,918,0.01,0,,https://sipcalculator.in/,1 month ago,SIP calculator,transactional (calculator),false,English,true,/calculators/sip-calculator,
SIPCalculator.in,59,sip कॅल्क्युलेटर,49,714,0.01,44,7,-,1 week ago,SIP – Hindi/Marathi,transactional (calculator),false,non-English,false,,no non-English pages
SIPCalculator.in,60,sip calcualtor,33,306,0.01,42,2,https://sipcalculator.in/,4 weeks ago,SIP calculator,transactional (calculator),false,English,true,/calculators/sip-calculator,
SIPCalculator.in,61,sip c,55,357,0.01,39,4,https://sipcalculator.in/,1 month ago,SIP calculator,transactional (calculator),false,English,true,/calculators/sip-calculator,
SIPCalculator.in,62,return calculator sip,56,1500,0.01,0,,https://sipcalculator.in/,1 month ago,SIP calculator,transactional (calculator),false,English,true,/calculators/sip-calculator,
SIPCalculator.in,63,sip calculator. in,54,102,0.04,0,,https://sipcalculator.in/,2 months ago,SIP calculator,transactional (calculator),true,English,false,,competitor-branded
SIPCalculator.in,64,nifty 50 sip calculator,50,816,0.02,37,8,https://sipcalculator.in/,6 days ago,SIP – off-topic/unsupported,informational/other,false,English,false,,not served by a MoneyMetric calculator
SIPCalculator.in,65,sip calcu,57,510,0.01,37,5,https://sipcalculator.in/,3 weeks ago,SIP calculator,transactional (calculator),false,English,true,/calculators/sip-calculator,
SIPCalculator.in,66,sip inflation calculator,10,255,0.02,35,2,https://sipcalculator.in/,2 weeks ago,SIP with inflation / step-up,transactional (calculator),false,English,true,/calculators/sip-calculator,
SIPCalculator.in,67,sip cagr calculator,51,1000,0.01,34,11,https://sipcalculator.in/,6 days ago,SIP calculator,transactional (calculator),false,English,true,/calculators/sip-calculator,
SIPCalculator.in,68,sip calculator free,46,92,0.01,34,1,https://sipcalculator.in/,1 month ago,SIP calculator,transactional (calculator),false,English,true,/calculators/sip-calculator,
SIPCalculator.in,69,financial planning calculator,23,510,0.22,34,8,-,7 days ago,SIP – off-topic/unsupported,informational/other,false,English,false,,not served by a MoneyMetric calculator
SIPCalculator.in,70,mf sip calculator,48,1100,0.01,32,10,https://sipcalculator.in/,6 days ago,Mutual fund returns,transactional (calculator),false,English,true,/calculators/sip-calculator,
SIPCalculator.in,71,sip calculator.com,57,41,0.01,31,1,https://sipcalculator.in/,3 weeks ago,SIP calculator,transactional (calculator),true,English,false,,competitor-branded
SIPCalculator.in,72,mf return calculator,28,2000,0.01,0,,https://sipcalculator.in/,1 month ago,Mutual fund returns,transactional (calculator),false,English,true,/calculators/sip-calculator,
SIPCalculator.in,73,sip calculator with initial investment,46,1200,0.21,31,10,https://sipcalculator.in/,2 weeks ago,SIP calculator,transactional (calculator),false,English,true,/calculators/sip-calculator,
SIPCalculator.in,74,एसआईपी कैलकुलेटर,54,204,0.02,30,2,https://sipcalculator.in/,6 days ago,SIP – Hindi/Marathi,transactional (calculator),false,non-English,false,,no non-English pages
SIPCalculator.in,75,calculate sip,52,816,0.01,29,8,https://sipcalculator.in/,3 weeks ago,SIP calculator,transactional (calculator),false,English,true,/calculators/sip-calculator,
SIPCalculator.in,76,sip calculator with inflation and tax,27,306,0.02,29,5,https://sipcalculator.in/,5 days ago,SIP with inflation / step-up,transactional (calculator),false,English,true,/calculators/sip-calculator,
SIPCalculator.in,77,sip returns,49,1100,0.01,0,,https://sipcalculator.in/,1 month ago,SIP calculator,transactional (calculator),false,English,true,/calculators/sip-calculator,
SIPCalculator.in,78,sip groww calculator,29,918,0.01,28,9,https://sipcalculator.in/,2 weeks ago,SIP calculator,transactional (calculator),true,English,false,,competitor-branded
SIPCalculator.in,79,sip calculato,55,357,0.01,28,5,https://sipcalculator.in/,2 months ago,SIP calculator,transactional (calculator),false,English,true,/calculators/sip-calculator,
SIPCalculator.in,80,sip calcuator,64,102,0.01,0,,https://sipcalculator.in/,2 months ago,SIP calculator,transactional (calculator),false,English,true,/calculators/sip-calculator,
SIPCalculator.in,81,sip monthly calculator,47,1100,0.01,27,4,https://sipcalculator.in/,5 days ago,SIP calculator,transactional (calculator),false,English,true,/calculators/sip-calculator,
SIPCalculator.in,82,sip calculator cleartax,51,816,0.12,27,9,https://sipcalculator.in/,3 weeks ago,SIP calculator,transactional (calculator),true,English,false,,competitor-branded
SIPCalculator.in,83,sip calculator google,51,71,0.14,26,1,https://sipcalculator.in/,2 months ago,SIP calculator,transactional (calculator),true,English,false,,competitor-branded
SIPCalculator.in,84,inflation sip calculator,15,204,0.08,0,,https://sipcalculator.in/,2 months ago,SIP with inflation / step-up,transactional (calculator),false,English,true,/calculators/sip-calculator,
SIPCalculator.in,85,sp calculator,57,255,0.03,26,4,https://sipcalculator.in/,1 month ago,SIP calculator,transactional (calculator),false,English,true,/calculators/sip-calculator,
SIPCalculator.in,86,systematic investment plan calculator,46,714,0.01,26,9,https://sipcalculator.in/,7 days ago,SIP calculator,transactional (calculator),false,English,true,/calculators/sip-calculator,
SIPCalculator.in,87,sip compound interest calculator,50,1900,0.01,0,,https://sipcalculator.in/,1 month ago,SIP calculator,transactional (calculator),false,English,true,/calculators/sip-calculator,
SIPCalculator.in,88,sip me kitna interest milta hai,4,612,0.04,26,8,https://sipcalculator.in/,6 days ago,SIP – informational,informational,false,English,true,/calculators/sip-calculator,
SIPCalculator.in,89,sip,45,158100,0.11,0,,https://sipcalculator.in/,4 weeks ago,SIP – off-topic/unsupported,informational/other,false,English,false,,not served by a MoneyMetric calculator
SIPCalculator.in,90,mf calculator sip,49,714,0.02,0,,https://sipcalculator.in/,1 month ago,Mutual fund returns,transactional (calculator),false,English,true,/calculators/sip-calculator,
SIPCalculator.in,91,sip culture,16,408,0.04,26,6,https://sipcalculator.in/,4 weeks ago,SIP – off-topic/unsupported,informational/other,false,English,false,,not served by a MoneyMetric calculator
SIPCalculator.in,92,sip calculator formula,47,714,0.02,24,10,https://sipcalculator.in/,7 days ago,SIP – informational,informational,false,English,true,/calculators/sip-calculator,
SIPCalculator.in,93,small cap sip calculator,50,918,0.01,22,11,https://sipcalculator.in/,2 weeks ago,SIP – off-topic/unsupported,informational/other,false,English,false,,not served by a MoneyMetric calculator
SIPCalculator.in,94,sip calendar,58,357,0.02,22,6,https://sipcalculator.in/,2 months ago,SIP – off-topic/unsupported,informational/other,false,English,false,,not served by a MoneyMetric calculator
SIPCalculator.in,95,aip calculator,4,357,0.01,22,6,https://sipcalculator.in/,2 months ago,SIP calculator,transactional (calculator),false,English,true,/calculators/sip-calculator,
SIPCalculator.in,96,sip calculation formula,48,408,0.02,0,,https://sipcalculator.in/,1 month ago,SIP – informational,informational,false,English,true,/calculators/sip-calculator,
SIPCalculator.in,97,sip plan,4,4100,0.11,0,,https://sipcalculator.in/,1 month ago,SIP – off-topic/unsupported,informational/other,false,English,false,,not served by a MoneyMetric calculator
SIPCalculator.in,98,sip calculator inflation,35,61,0,0,,https://sipcalculator.in/,2 months ago,SIP with inflation / step-up,transactional (calculator),false,English,true,/calculators/sip-calculator,
SIPCalculator.in,99,1000 per month sip for 5 years,4,1100,0.04,0,,https://sipcalculator.in/,1 month ago,SIP – amount-specific,informational (quick answer),false,English,true,/calculators/sip-calculator,
SIPCalculator.in,100,सिप कैलकुलेशन,43,153,0.01,21,2,https://sipcalculator.in/,1 month ago,SIP – Hindi/Marathi,transactional (calculator),false,non-English,false,,no non-English pages
ET Money salary,1,inhand salary calculator,11,16300,0.01,13700,1,https://www.etmoney.com/tools-and-calculators/salary-calculator,7 days ago,In-hand salary calculator,transactional (calculator),false,English,true,/calculators/salary-calculator,
ET Money salary,2,in hand salary calculator,11,24400,0.01,11700,1,https://www.etmoney.com/tools-and-calculators/salary-calculator,7 days ago,In-hand salary calculator,transactional (calculator),false,English,true,/calculators/salary-calculator,
ET Money salary,3,salary calculator,39,27500,0.15,6400,2,https://www.etmoney.com/tools-and-calculators/salary-calculator,7 days ago,In-hand salary calculator,transactional (calculator),false,English,true,/calculators/salary-calculator,
ET Money salary,4,salary calculator india,11,3900,0.1,4500,1,https://www.etmoney.com/tools-and-calculators/salary-calculator,4 days ago,In-hand salary calculator,transactional (calculator),false,English,true,/calculators/salary-calculator,
ET Money salary,5,ctc to in-hand salary calculator,7,7200,0.01,2600,1,https://www.etmoney.com/tools-and-calculators/salary-calculator,6 days ago,In-hand salary calculator,transactional (calculator),false,English,true,/calculators/salary-calculator,
ET Money salary,6,in hand salary calculator india,11,2500,0.01,2500,1,https://www.etmoney.com/tools-and-calculators/salary-calculator,21 hours ago,In-hand salary calculator,transactional (calculator),false,English,true,/calculators/salary-calculator,
ET Money salary,7,take home salary calculator india,11,1600,0.13,1600,1,https://www.etmoney.com/tools-and-calculators/salary-calculator,3 weeks ago,In-hand salary calculator,transactional (calculator),false,English,true,/calculators/salary-calculator,
ET Money salary,8,in hand salary calculator after tax,10,3600,0.01,1300,1,https://www.etmoney.com/tools-and-calculators/salary-calculator,5 days ago,Salary – after tax / regime,transactional (calculator),false,English,true,/calculators/salary-calculator,
ET Money salary,9,calculate in hand salary,11,2300,0.01,1100,1,https://www.etmoney.com/tools-and-calculators/salary-calculator,5 days ago,In-hand salary calculator,transactional (calculator),false,English,true,/calculators/salary-calculator,
ET Money salary,10,સેલરી કેલ્ક્યુલેટર,8,10200,0,996,5,-,6 days ago,Salary – Hindi/Gujarati,transactional (calculator),false,non-English,false,,no non-English pages
ET Money salary,11,ctc to in hand,6,2600,0,981,1,https://www.etmoney.com/tools-and-calculators/salary-calculator,5 days ago,In-hand salary calculator,transactional (calculator),false,English,true,/calculators/salary-calculator,
ET Money salary,12,सैलरी कैलकुलेटर,13,13200,0.31,961,1,-,5 days ago,Salary – Hindi/Gujarati,transactional (calculator),false,non-English,false,,no non-English pages
ET Money salary,13,monthly salary calculator india,12,714,0.31,766,1,-,2 weeks ago,In-hand salary calculator,transactional (calculator),false,English,true,/calculators/salary-calculator,
ET Money salary,14,salary in hand calculator,16,1300,0.01,740,1,-,2 weeks ago,In-hand salary calculator,transactional (calculator),false,English,true,/calculators/salary-calculator,
ET Money salary,15,ctc to in hand salary calculator,6,714,0.01,560,1,https://www.etmoney.com/tools-and-calculators/salary-calculator,2 weeks ago,In-hand salary calculator,transactional (calculator),false,English,true,/calculators/salary-calculator,
ET Money salary,16,in hand salary,35,2000,0.01,510,1,https://www.etmoney.com/tools-and-calculators/salary-calculator,7 days ago,In-hand salary calculator,transactional (calculator),false,English,true,/calculators/salary-calculator,
ET Money salary,17,inhand salary calculation,11,1300,0.34,491,1,https://www.etmoney.com/tools-and-calculators/salary-calculator,5 days ago,In-hand salary calculator,transactional (calculator),false,English,true,/calculators/salary-calculator,
ET Money salary,18,salary calculator online,13,2800,0.24,463,2,https://www.etmoney.com/tools-and-calculators/salary-calculator,6 days ago,In-hand salary calculator,transactional (calculator),false,English,true,/calculators/salary-calculator,
ET Money salary,19,indian salary calculator,12,408,0.01,443,1,https://www.etmoney.com/tools-and-calculators/salary-calculator,2 weeks ago,In-hand salary calculator,transactional (calculator),false,English,true,/calculators/salary-calculator,
ET Money salary,20,ctc to inhand calculator,7,1000,0,355,1,https://www.etmoney.com/tools-and-calculators/salary-calculator,5 days ago,In-hand salary calculator,transactional (calculator),false,English,true,/calculators/salary-calculator,
ET Money salary,21,india salary calculator,12,306,0.01,286,1,https://www.etmoney.com/tools-and-calculators/salary-calculator,3 weeks ago,In-hand salary calculator,transactional (calculator),false,English,true,/calculators/salary-calculator,
ET Money salary,22,in hand calculator,10,714,0.01,271,1,https://www.etmoney.com/tools-and-calculators/salary-calculator,7 days ago,In-hand salary calculator,transactional (calculator),false,English,true,/calculators/salary-calculator,
ET Money salary,23,25 lpa in hand salary,4,2700,0,259,5,https://www.etmoney.com/tools-and-calculators/salary-calculator,12 hours ago,Salary – CTC-specific,informational (quick answer),false,English,true,/calculators/salary-calculator,
ET Money salary,24,net salary calculator,16,612,0.01,255,1,https://www.etmoney.com/tools-and-calculators/salary-calculator,3 weeks ago,In-hand salary calculator,transactional (calculator),false,English,true,/calculators/salary-calculator,
ET Money salary,25,take home salary,11,816,0.01,197,1,https://www.etmoney.com/tools-and-calculators/salary-calculator,3 weeks ago,In-hand salary calculator,transactional (calculator),false,English,true,/calculators/salary-calculator,
ET Money salary,26,in hand salary calculator new tax regime,21,510,0.01,182,1,https://www.etmoney.com/tools-and-calculators/salary-calculator,3 weeks ago,Salary – after tax / regime,transactional (calculator),false,English,true,/calculators/salary-calculator,
ET Money salary,27,ctc in hand calculator,10,459,0.01,171,1,https://www.etmoney.com/tools-and-calculators/salary-calculator,6 days ago,In-hand salary calculator,transactional (calculator),false,English,true,/calculators/salary-calculator,
ET Money salary,28,ctc to inhand,6,459,0.01,164,1,https://www.etmoney.com/tools-and-calculators/salary-calculator,7 days ago,In-hand salary calculator,transactional (calculator),false,English,true,/calculators/salary-calculator,
ET Money salary,29,monthly in-hand salary calculator india,11,357,0,164,1,https://www.etmoney.com/tools-and-calculators/salary-calculator,1 month ago,In-hand salary calculator,transactional (calculator),false,English,true,/calculators/salary-calculator,
ET Money salary,30,ctc vs in hand,6,3100,0.01,151,2,-,7 days ago,In-hand salary calculator,transactional (calculator),false,English,true,/calculators/salary-calculator,
ET Money salary,31,salary tax calculator,35,714,0.01,148,3,https://www.etmoney.com/tools-and-calculators/salary-calculator,3 weeks ago,Salary – after tax / regime,transactional (calculator),false,English,true,/calculators/salary-calculator,
ET Money salary,32,salary per month,13,408,0.02,143,1,https://www.etmoney.com/tools-and-calculators/salary-calculator,1 month ago,In-hand salary calculator,transactional (calculator),false,English,true,/calculators/salary-calculator,
ET Money salary,33,ctc in hand salary,16,357,0.01,139,1,https://www.etmoney.com/tools-and-calculators/salary-calculator,1 week ago,Salary – CTC-specific,informational (quick answer),false,English,true,/calculators/salary-calculator,
ET Money salary,34,calculate salary,33,1100,0.01,135,2,https://www.etmoney.com/tools-and-calculators/salary-calculator,3 weeks ago,In-hand salary calculator,transactional (calculator),false,English,true,/calculators/salary-calculator,
ET Money salary,35,calculate in hand salary from ctc,7,255,0.02,133,1,https://www.etmoney.com/tools-and-calculators/salary-calculator,1 month ago,In-hand salary calculator,transactional (calculator),false,English,true,/calculators/salary-calculator,
ET Money salary,36,net salary,32,1200,0.02,131,1,https://www.etmoney.com/tools-and-calculators/salary-calculator,3 weeks ago,In-hand salary calculator,transactional (calculator),false,English,true,/calculators/salary-calculator,
ET Money salary,37,take home calculator,16,510,0.01,112,2,https://www.etmoney.com/tools-and-calculators/salary-calculator,4 days ago,In-hand salary calculator,transactional (calculator),false,English,true,/calculators/salary-calculator,
ET Money salary,38,ctc to in hand salary,32,918,0.01,111,1,https://www.etmoney.com/tools-and-calculators/salary-calculator,3 weeks ago,In-hand salary calculator,transactional (calculator),false,English,true,/calculators/salary-calculator,
ET Money salary,39,in-hand salary calculator,16,306,0.01,106,1,https://www.etmoney.com/tools-and-calculators/salary-calculator,6 days ago,In-hand salary calculator,transactional (calculator),false,English,true,/calculators/salary-calculator,
ET Money salary,40,how to calculate salary per month,11,816,0.03,104,1,https://www.etmoney.com/tools-and-calculators/salary-calculator,7 hours ago,In-hand salary calculator,transactional (calculator),false,English,true,/calculators/salary-calculator,
ET Money salary,41,net salary calculator india,15,102,0.01,98,1,https://www.etmoney.com/tools-and-calculators/salary-calculator,2 months ago,In-hand salary calculator,transactional (calculator),false,English,true,/calculators/salary-calculator,
ET Money salary,42,take home pay calculator,38,510,0.01,97,2,https://www.etmoney.com/tools-and-calculators/salary-calculator,5 days ago,In-hand salary calculator,transactional (calculator),false,English,true,/calculators/salary-calculator,
ET Money salary,43,how to calculate ctc,15,714,0.01,0,,https://www.etmoney.com/tools-and-calculators/salary-calculator,1 month ago,Salary – components,informational,false,English,true,/calculators/salary-calculator,
ET Money salary,44,ctc and in hand salary,13,816,0,94,1,-,3 weeks ago,In-hand salary calculator,transactional (calculator),false,English,true,/calculators/salary-calculator,
ET Money salary,45,net take home salary,11,255,0.01,93,1,https://www.etmoney.com/tools-and-calculators/salary-calculator,4 weeks ago,In-hand salary calculator,transactional (calculator),false,English,true,/calculators/salary-calculator,
ET Money salary,46,new regime salary calculator,16,255,0.01,90,1,https://www.etmoney.com/tools-and-calculators/salary-calculator,2 months ago,Salary – after tax / regime,transactional (calculator),false,English,true,/calculators/salary-calculator,
ET Money salary,47,calculate inhand salary,11,255,0.01,89,1,https://www.etmoney.com/tools-and-calculators/salary-calculator,1 month ago,In-hand salary calculator,transactional (calculator),false,English,true,/calculators/salary-calculator,
ET Money salary,48,online salary calculator,20,612,0.01,88,3,https://www.etmoney.com/tools-and-calculators/salary-calculator,11 hours ago,In-hand salary calculator,transactional (calculator),false,English,true,/calculators/salary-calculator,
ET Money salary,49,salary in hand calculator india,12,153,0.12,87,1,https://www.etmoney.com/tools-and-calculators/salary-calculator,1 month ago,In-hand salary calculator,transactional (calculator),false,English,true,/calculators/salary-calculator,
ET Money salary,50,calculate take home salary india,16,153,0.01,80,1,https://www.etmoney.com/tools-and-calculators/salary-calculator,1 week ago,In-hand salary calculator,transactional (calculator),false,English,true,/calculators/salary-calculator,
ET Money salary,51,india take home salary calculator,11,153,0.01,79,1,https://www.etmoney.com/tools-and-calculators/salary-calculator,2 months ago,In-hand salary calculator,transactional (calculator),false,English,true,/calculators/salary-calculator,
ET Money salary,52,ctc to in hand calculator,10,204,0.01,77,1,https://www.etmoney.com/tools-and-calculators/salary-calculator,4 days ago,In-hand salary calculator,transactional (calculator),false,English,true,/calculators/salary-calculator,
ET Money salary,53,calculate take home salary,7,459,0.01,66,3,https://www.etmoney.com/tools-and-calculators/salary-calculator,7 days ago,In-hand salary calculator,transactional (calculator),false,English,true,/calculators/salary-calculator,
ET Money salary,54,new tax regime salary calculator,21,204,0.01,66,1,https://www.etmoney.com/tools-and-calculators/salary-calculator,7 days ago,Salary – after tax / regime,transactional (calculator),false,English,true,/calculators/salary-calculator,
ET Money salary,55,salary calculator after tax,38,204,0.01,65,1,https://www.etmoney.com/tools-and-calculators/salary-calculator,1 month ago,Salary – after tax / regime,transactional (calculator),false,English,true,/calculators/salary-calculator,
ET Money salary,56,basic salary calculation,10,1300,0.02,63,6,https://www.etmoney.com/tools-and-calculators/salary-calculator,3 weeks ago,Salary – components,informational,false,English,true,/calculators/salary-calculator,
ET Money salary,57,in hand salary calculation,16,153,0.01,59,1,https://www.etmoney.com/tools-and-calculators/salary-calculator,2 months ago,In-hand salary calculator,transactional (calculator),false,English,true,/calculators/salary-calculator,
ET Money salary,58,new tax regime in hand salary calculator,14,153,0.15,59,1,https://www.etmoney.com/tools-and-calculators/salary-calculator,2 months ago,Salary – after tax / regime,transactional (calculator),false,English,true,/calculators/salary-calculator,
ET Money salary,59,gross salary formula,5,918,0.01,51,5,-,2 weeks ago,Salary – components,informational,false,English,true,/calculators/salary-calculator,
ET Money salary,60,salary income tax calculator,41,459,0.01,51,4,https://www.etmoney.com/tools-and-calculators/salary-calculator,3 weeks ago,Salary – after tax / regime,transactional (calculator),false,English,true,/calculators/salary-calculator,
ET Money salary,61,4 lakh per annum in month,4,2600,0,0,,https://www.etmoney.com/tools-and-calculators/salary-calculator,1 month ago,Salary – CTC-specific,informational (quick answer),false,English,true,/calculators/salary-calculator,
ET Money salary,62,how to calculate in hand salary from ctc,6,357,0.01,49,1,https://www.etmoney.com/tools-and-calculators/salary-calculator,1 month ago,In-hand salary calculator,transactional (calculator),false,English,true,/calculators/salary-calculator,
ET Money salary,63,monthly salary,20,1800,0.06,48,1,https://www.etmoney.com/tools-and-calculators/salary-calculator,5 days ago,In-hand salary calculator,transactional (calculator),false,English,true,/calculators/salary-calculator,
ET Money salary,64,salary breakdown calculator,15,153,0,48,1,https://www.etmoney.com/tools-and-calculators/salary-calculator,2 weeks ago,Salary – components,informational,false,English,true,/calculators/salary-calculator,
ET Money salary,65,bank salary calculator,6,714,0.01,0,,https://www.etmoney.com/tools-and-calculators/salary-calculator,1 month ago,Salary – ambiguous,ambiguous,false,English,false,,not served by a MoneyMetric calculator
ET Money salary,66,salary calculator new tax regime,15,153,0.01,47,1,https://www.etmoney.com/tools-and-calculators/salary-calculator,2 months ago,Salary – after tax / regime,transactional (calculator),false,English,true,/calculators/salary-calculator,
ET Money salary,67,calculate in hand salary after tax,16,102,0.01,46,1,-,13 hours ago,Salary – after tax / regime,transactional (calculator),false,English,true,/calculators/salary-calculator,
ET Money salary,68,in hand ctc calculator,11,102,0.58,45,1,https://www.etmoney.com/tools-and-calculators/salary-calculator,3 weeks ago,In-hand salary calculator,transactional (calculator),false,English,true,/calculators/salary-calculator,
ET Money salary,69,what is in hand salary,24,204,0,45,1,https://www.etmoney.com/tools-and-calculators/salary-calculator,5 days ago,In-hand salary calculator,transactional (calculator),false,English,true,/calculators/salary-calculator,
ET Money salary,70,payslip calculator,20,92,0.03,44,2,https://www.etmoney.com/tools-and-calculators/salary-calculator,2 weeks ago,Salary – components,informational,false,English,true,/calculators/salary-calculator,
ET Money salary,71,salary take home calculator india,13,82,0.13,44,1,https://www.etmoney.com/tools-and-calculators/salary-calculator,2 months ago,In-hand salary calculator,transactional (calculator),false,English,true,/calculators/salary-calculator,
ET Money salary,72,ctc to take home,11,357,0.01,44,3,https://www.etmoney.com/tools-and-calculators/salary-calculator,1 month ago,In-hand salary calculator,transactional (calculator),false,English,true,/calculators/salary-calculator,
ET Money salary,73,per month,6,1800,0.04,44,5,-,6 days ago,Salary – ambiguous,ambiguous,false,English,false,,not served by a MoneyMetric calculator
ET Money salary,74,how to calculate basic salary,15,510,0.01,43,5,https://www.etmoney.com/tools-and-calculators/salary-calculator,3 weeks ago,Salary – components,informational,false,English,true,/calculators/salary-calculator,
ET Money salary,75,salary after tax,70,306,0.01,0,,https://www.etmoney.com/tools-and-calculators/salary-calculator,3 months ago,Salary – after tax / regime,transactional (calculator),false,English,true,/calculators/salary-calculator,
ET Money salary,76,how much salary,32,1100,0.02,41,2,-,2 weeks ago,Salary – ambiguous,ambiguous,false,English,false,,not served by a MoneyMetric calculator
ET Money salary,77,ctc vs in-hand salary calculator,10,102,0,39,1,https://www.etmoney.com/tools-and-calculators/salary-calculator,2 weeks ago,In-hand salary calculator,transactional (calculator),false,English,true,/calculators/salary-calculator,
ET Money salary,78,salary kitni hoti hai,4,510,0.02,39,6,https://www.etmoney.com/tools-and-calculators/salary-calculator,4 weeks ago,Salary – ambiguous,ambiguous,false,English,false,,not served by a MoneyMetric calculator
ET Money salary,79,how to calculate gross salary,7,408,0.02,0,,https://www.etmoney.com/tools-and-calculators/salary-calculator,3 months ago,Salary – components,informational,false,English,true,/calculators/salary-calculator,
ET Money salary,80,india in hand salary calculator,16,102,0.01,37,1,https://www.etmoney.com/tools-and-calculators/salary-calculator,2 months ago,In-hand salary calculator,transactional (calculator),false,English,true,/calculators/salary-calculator,
ET Money salary,81,net take home salary calculator,9,102,0,36,1,https://www.etmoney.com/tools-and-calculators/salary-calculator,4 weeks ago,In-hand salary calculator,transactional (calculator),false,English,true,/calculators/salary-calculator,
ET Money salary,82,7 lakh package in hand salary,4,306,0,35,4,-,8 hours ago,Salary – CTC-specific,informational (quick answer),false,English,true,/calculators/salary-calculator,
ET Money salary,83,monthly salary to ctc calculator,10,1300,0.17,33,1,-,7 days ago,Salary – reverse (in-hand → CTC),transactional (calculator),false,English,true,/calculators/salary-calculator,
ET Money salary,84,ctc is in hand salary,10,92,0,0,,https://www.etmoney.com/tools-and-calculators/salary-calculator,3 months ago,In-hand salary calculator,transactional (calculator),false,English,true,/calculators/salary-calculator,
ET Money salary,85,salary monthly,11,255,0,32,1,https://www.etmoney.com/tools-and-calculators/salary-calculator,3 weeks ago,In-hand salary calculator,transactional (calculator),false,English,true,/calculators/salary-calculator,
ET Money salary,86,ctc in hand,11,255,0.01,32,3,https://www.etmoney.com/tools-and-calculators/salary-calculator,1 month ago,In-hand salary calculator,transactional (calculator),false,English,true,/calculators/salary-calculator,
ET Money salary,87,net calculator,28,408,0.01,0,,https://www.etmoney.com/tools-and-calculators/salary-calculator,2 months ago,Salary – ambiguous,ambiguous,false,English,false,,not served by a MoneyMetric calculator
ET Money salary,88,salary after tax india,16,92,0.01,32,1,https://www.etmoney.com/tools-and-calculators/salary-calculator,5 days ago,Salary – after tax / regime,transactional (calculator),false,English,true,/calculators/salary-calculator,
ET Money salary,89,monthly income calculator,17,306,0.21,0,,https://www.etmoney.com/tools-and-calculators/salary-calculator,2 months ago,Salary – ambiguous,ambiguous,false,English,false,,not served by a MoneyMetric calculator
ET Money salary,90,net monthly salary,8,82,0,30,1,https://www.etmoney.com/tools-and-calculators/salary-calculator,6 days ago,In-hand salary calculator,transactional (calculator),false,English,true,/calculators/salary-calculator,
ET Money salary,91,salary breakdown,12,510,0.02,29,1,https://www.etmoney.com/tools-and-calculators/salary-calculator,4 days ago,Salary – components,informational,false,English,true,/calculators/salary-calculator,
ET Money salary,92,basic salary calculator,10,153,0.33,28,5,https://www.etmoney.com/tools-and-calculators/salary-calculator,1 week ago,Salary – components,informational,false,English,true,/calculators/salary-calculator,
ET Money salary,93,26 lpa in hand salary,6,918,0.01,0,,https://www.etmoney.com/tools-and-calculators/salary-calculator,2 months ago,Salary – CTC-specific,informational (quick answer),false,English,true,/calculators/salary-calculator,
ET Money salary,94,15 ctc in hand salary,6,357,0,28,1,https://www.etmoney.com/tools-and-calculators/salary-calculator,4 weeks ago,Salary – CTC-specific,informational (quick answer),false,English,true,/calculators/salary-calculator,
ET Money salary,95,take home salary india,11,71,0.01,27,1,https://www.etmoney.com/tools-and-calculators/salary-calculator,2 months ago,In-hand salary calculator,transactional (calculator),false,English,true,/calculators/salary-calculator,
ET Money salary,96,in-hand salary,16,71,0,27,1,https://www.etmoney.com/tools-and-calculators/salary-calculator,1 month ago,In-hand salary calculator,transactional (calculator),false,English,true,/calculators/salary-calculator,
ET Money salary,97,ctc to take home calculator,11,255,0.01,0,,https://www.etmoney.com/tools-and-calculators/salary-calculator,2 months ago,In-hand salary calculator,transactional (calculator),false,English,true,/calculators/salary-calculator,
ET Money salary,98,monthly take home salary,7,71,0.02,26,1,https://www.etmoney.com/tools-and-calculators/salary-calculator,1 month ago,In-hand salary calculator,transactional (calculator),false,English,true,/calculators/salary-calculator,
ET Money salary,99,ctc vs take home salary,6,71,0,0,,https://www.etmoney.com/tools-and-calculators/salary-calculator,2 months ago,In-hand salary calculator,transactional (calculator),false,English,true,/calculators/salary-calculator,
ET Money salary,100,up basic salary calculator,9,306,0,0,,https://www.etmoney.com/tools-and-calculators/salary-calculator,3 months ago,Salary – components,informational,false,English,true,/calculators/salary-calculator,